<linker>
  <assembly fullname="Assembly-CSharp, Version=0.0.0.0, Culture=neutral, PublicKeyToken=null">
    <type fullname="_Project.Networking.NetworkBoard" preserve="all" />
    <type fullname="_Project.Networking.NetworkPlayerHandler" preserve="all" />
    <type fullname="_Project.Scripts.Infrastructure.EmptyGraphic" preserve="all" />
    <type fullname="_Project.Windows.AuthWidget.Views.AuthWindow" preserve="all" />
    <type fullname="_Project.Windows.AuthWidget.Views.SelectAuthView" preserve="all" />
    <type fullname="_Project.Windows.AuthWidget.Views.SignInView" preserve="all" />
    <type fullname="_Project.Windows.AuthWidget.Views.SignUpView" preserve="all" />
    <type fullname="_Project.Windows.BoardWidget.Views.BoardView" preserve="all" />
    <type fullname="_Project.Windows.BoardWidget.Views.BoardWindow" preserve="all" />
    <type fullname="_Project.Windows.BoardWidget.Views.CellView" preserve="all" />
    <type fullname="_Project.Windows.BoardWidget.Views.GameResultView" preserve="all" />
    <type fullname="_Project.Windows.HUD.Views.HUDWindow" preserve="all" />
    <type fullname="_Project.Windows.Loading.LoadingWindow" preserve="all" />
    <type fullname="_Project.Windows.SearchOpponentWidget.Views.SearchOpponentWindow" preserve="all" />
    <type fullname="_Project.Windows.SelectModeWidget.Views.SelectModeWindow" preserve="all" />
  </assembly>
  <assembly fullname="com.atoxic.windows, Version=0.0.0.0, Culture=neutral, PublicKeyToken=null">
    <type fullname="WindowsSystem.Core.WindowAnims.WindowAnimationController" preserve="all" />
  </assembly>
  <assembly fullname="Fusion.Runtime, Version=2.0.0.0, Culture=neutral, PublicKeyToken=null">
    <type fullname="Fusion.NetworkObject" preserve="all" />
    <type fullname="Fusion.NetworkObjectPrefabData" preserve="all" />
    <type fullname="Fusion.NetworkObjectGuid" preserve="nothing" serialized="true" />
  </assembly>
  <assembly fullname="Unity.Addressables, Version=0.0.0.0, Culture=neutral, PublicKeyToken=null" preserve="all">
    <type fullname="UnityEngine.AddressableAssets.Addressables" preserve="all" />
  </assembly>
  <assembly fullname="Unity.ResourceManager, Version=0.0.0.0, Culture=neutral, PublicKeyToken=null" preserve="all">
    <type fullname="UnityEngine.ResourceManagement.ResourceProviders.AssetBundleProvider" preserve="all" />
    <type fullname="UnityEngine.ResourceManagement.ResourceProviders.AtlasSpriteProvider" preserve="all" />
    <type fullname="UnityEngine.ResourceManagement.ResourceProviders.BundledAssetProvider" preserve="all" />
    <type fullname="UnityEngine.ResourceManagement.ResourceProviders.InstanceProvider" preserve="all" />
    <type fullname="UnityEngine.ResourceManagement.ResourceProviders.LegacyResourcesProvider" preserve="all" />
    <type fullname="UnityEngine.ResourceManagement.ResourceProviders.SceneProvider" preserve="all" />
  </assembly>
  <assembly fullname="Unity.TextMeshPro, Version=0.0.0.0, Culture=neutral, PublicKeyToken=null">
    <type fullname="TMPro.TextMeshProUGUI" preserve="all" />
    <type fullname="TMPro.TMP_FontAsset" preserve="all" />
    <type fullname="TMPro.TMP_InputField" preserve="all" />
    <type fullname="TMPro.FaceInfo_Legacy" preserve="nothing" serialized="true" />
    <type fullname="TMPro.FontAssetCreationSettings" preserve="nothing" serialized="true" />
    <type fullname="TMPro.KerningTable" preserve="nothing" serialized="true" />
    <type fullname="TMPro.TMP_Character" preserve="nothing" serialized="true" />
    <type fullname="TMPro.TMP_FontFeatureTable" preserve="nothing" serialized="true" />
    <type fullname="TMPro.TMP_FontWeightPair" preserve="nothing" serialized="true" />
    <type fullname="TMPro.TMP_InputField/OnChangeEvent" preserve="nothing" serialized="true" />
    <type fullname="TMPro.TMP_InputField/SelectionEvent" preserve="nothing" serialized="true" />
    <type fullname="TMPro.TMP_InputField/SubmitEvent" preserve="nothing" serialized="true" />
    <type fullname="TMPro.TMP_InputField/TextSelectionEvent" preserve="nothing" serialized="true" />
    <type fullname="TMPro.TMP_InputField/TouchScreenKeyboardEvent" preserve="nothing" serialized="true" />
    <type fullname="TMPro.VertexGradient" preserve="nothing" serialized="true" />
  </assembly>
  <assembly fullname="UnityEngine.AnimationModule, Version=0.0.0.0, Culture=neutral, PublicKeyToken=null">
    <type fullname="UnityEngine.Animation" preserve="all" />
    <type fullname="UnityEngine.AnimationClip" preserve="all" />
    <type fullname="UnityEngine.Animator" preserve="all" />
    <type fullname="UnityEngine.RuntimeAnimatorController" preserve="all" />
  </assembly>
  <assembly fullname="UnityEngine.CoreModule, Version=0.0.0.0, Culture=neutral, PublicKeyToken=null">
    <type fullname="UnityEngine.GameObject" preserve="all" />
    <type fullname="UnityEngine.Material" preserve="all" />
    <type fullname="UnityEngine.Object" preserve="all" />
    <type fullname="UnityEngine.RectTransform" preserve="all" />
    <type fullname="UnityEngine.Shader" preserve="all" />
    <type fullname="UnityEngine.Sprite" preserve="all" />
    <type fullname="UnityEngine.Texture2D" preserve="all" />
    <type fullname="UnityEngine.Transform" preserve="all" />
    <type fullname="UnityEngine.U2D.SpriteAtlas" preserve="all" />
    <type fullname="UnityEngine.Events.ArgumentCache" preserve="nothing" serialized="true" />
    <type fullname="UnityEngine.Events.PersistentCallGroup" preserve="nothing" serialized="true" />
    <type fullname="UnityEngine.Events.PersistentListenerMode" preserve="nothing" serialized="true" />
    <type fullname="UnityEngine.RectOffset" preserve="nothing" serialized="true" />
  </assembly>
  <assembly fullname="UnityEngine.TextRenderingModule, Version=0.0.0.0, Culture=neutral, PublicKeyToken=null">
    <type fullname="UnityEngine.Font" preserve="all" />
  </assembly>
  <assembly fullname="UnityEngine.UI, Version=1.0.0.0, Culture=neutral, PublicKeyToken=null">
    <type fullname="UnityEngine.UI.Button" preserve="all" />
    <type fullname="UnityEngine.UI.GridLayoutGroup" preserve="all" />
    <type fullname="UnityEngine.UI.Image" preserve="all" />
    <type fullname="UnityEngine.UI.LayoutElement" preserve="all" />
    <type fullname="UnityEngine.UI.RectMask2D" preserve="all" />
    <type fullname="UnityEngine.UI.AnimationTriggers" preserve="nothing" serialized="true" />
    <type fullname="UnityEngine.UI.Button/ButtonClickedEvent" preserve="nothing" serialized="true" />
    <type fullname="UnityEngine.UI.ColorBlock" preserve="nothing" serialized="true" />
    <type fullname="UnityEngine.UI.MaskableGraphic/CullStateChangedEvent" preserve="nothing" serialized="true" />
    <type fullname="UnityEngine.UI.Navigation" preserve="nothing" serialized="true" />
    <type fullname="UnityEngine.UI.SpriteState" preserve="nothing" serialized="true" />
  </assembly>
  <assembly fullname="UnityEngine.UIModule, Version=0.0.0.0, Culture=neutral, PublicKeyToken=null">
    <type fullname="UnityEngine.CanvasGroup" preserve="all" />
    <type fullname="UnityEngine.CanvasRenderer" preserve="all" />
  </assembly>
  <assembly fullname="UnityEngine.TextCoreFontEngineModule">
    <type fullname="UnityEngine.TextCore.FaceInfo" preserve="nothing" serialized="true" />
    <type fullname="UnityEngine.TextCore.Glyph" preserve="nothing" serialized="true" />
    <type fullname="UnityEngine.TextCore.GlyphMetrics" preserve="nothing" serialized="true" />
    <type fullname="UnityEngine.TextCore.GlyphRect" preserve="nothing" serialized="true" />
    <type fullname="UnityEngine.TextCore.LowLevel.GlyphAdjustmentRecord" preserve="nothing" serialized="true" />
    <type fullname="UnityEngine.TextCore.LowLevel.GlyphPairAdjustmentRecord" preserve="nothing" serialized="true" />
    <type fullname="UnityEngine.TextCore.LowLevel.GlyphValueRecord" preserve="nothing" serialized="true" />
  </assembly>
</linker>