{"root":[{"assemblyName":"Fusion.Realtime","nameSpace":"Fusion.Photon.Realtime","className":"ConnectionHandler","methodName":"StaticReset","loadTypes":4,"isUnityClass":false},{"assemblyName":"Fusion.Runtime","nameSpace":"Fusion","className":"NetworkRunner","methodName":"ResetAllSimulationStatics","loadTypes":4,"isUnityClass":false},{"assemblyName":"Fusion.Runtime","nameSpace":"Fusion","className":"NetworkRunnerUpdaterDefault","methodName":"ClearStatics","loadTypes":0,"isUnityClass":false},{"assemblyName":"Assembly-CSharp","nameSpace":"MVVM.Generated","className":"BindersLoader","methodName":"InitResolvers","loadTypes":4,"isUnityClass":false},{"assemblyName":"Fusion.Unity","nameSpace":"Fusion","className":"FusionRuntimeCheck","methodName":"RuntimeCheck","loadTypes":1,"isUnityClass":false},{"assemblyName":"Fusion.Unity","nameSpace":"Fusion","className":"FusionStats","methodName":"ResetStatics","loadTypes":4,"isUnityClass":false},{"assemblyName":"Fusion.Unity","nameSpace":"Fusion","className":"FusionUnityLogger","methodName":"Initialize","loadTypes":4,"isUnityClass":false},{"assemblyName":"Fusion.Unity","nameSpace":"Fusion","className":"NetworkRunnerVisibilityExtensions","methodName":"ResetAllSimulationStatics","loadTypes":4,"isUnityClass":false},{"assemblyName":"Fusion.Unity","nameSpace":"Fusion","className":"FusionStatsBillboard","methodName":"ResetStatics","loadTypes":4,"isUnityClass":false},{"assemblyName":"Fusion.Unity","nameSpace":"Fusion","className":"NetworkSceneManagerDefault","methodName":"ClearStatics","loadTypes":4,"isUnityClass":false},{"assemblyName":"QFSW.QC","nameSpace":"QFSW.QC","className":"QuantumRegistry","methodName":"ResetRegistry","loadTypes":4,"isUnityClass":false},{"assemblyName":"UniTask","nameSpace":"Cysharp.Threading.Tasks","className":"PlayerLoopHelper","methodName":"Init","loadTypes":2,"isUnityClass":false},{"assemblyName":"Unity.RenderPipelines.Core.Runtime","nameSpace":"UnityEngine.Experimental.Rendering","className":"XRSystem","methodName":"XRSystemInit","loadTypes":3,"isUnityClass":true},{"assemblyName":"Unity.RenderPipelines.Core.Runtime","nameSpace":"UnityEngine.Rendering","className":"DebugUpdater","methodName":"RuntimeInit","loadTypes":0,"isUnityClass":true},{"assemblyName":"Unity.ResourceManager","nameSpace":"UnityEngine.ResourceManagement.ResourceProviders","className":"AssetBundleProvider","methodName":"Init","loadTypes":4,"isUnityClass":true},{"assemblyName":"Unity.VisualScripting.Core","nameSpace":"Unity.VisualScripting","className":"RuntimeVSUsageUtility","methodName":"RuntimeInitializeOnLoadBeforeSceneLoad","loadTypes":1,"isUnityClass":true}]}
